module_name,path_index,block_id
PolyBenchC-4.2.1/linear-algebra/blas/gemm/gemm.c,0,0
PolyBenchC-4.2.1/linear-algebra/blas/gemm/gemm.c,1,1
PolyBenchC-4.2.1/linear-algebra/blas/gemm/gemm.c,2,2
PolyBenchC-4.2.1/linear-algebra/blas/gemm/gemm.c,3,3
PolyBenchC-4.2.1/linear-algebra/blas/gemm/gemm.c,4,4
PolyBenchC-4.2.1/linear-algebra/blas/gemm/gemm.c,5,5
PolyBenchC-4.2.1/linear-algebra/blas/gemm/gemm.c,6,6
PolyBenchC-4.2.1/linear-algebra/blas/gemm/gemm.c,7,7
PolyBenchC-4.2.1/linear-algebra/blas/gemm/gemm.c,8,8
PolyBenchC-4.2.1/linear-algebra/blas/gemm/gemm.c,9,9
PolyBenchC-4.2.1/linear-algebra/blas/gemm/gemm.c,10,10
PolyBenchC-4.2.1/linear-algebra/blas/gemm/gemm.c,11,11
PolyBenchC-4.2.1/linear-algebra/blas/gemm/gemm.c,12,12
PolyBenchC-4.2.1/linear-algebra/blas/gemm/gemm.c,13,13
PolyBenchC-4.2.1/linear-algebra/blas/gemm/gemm.c,14,14
PolyBenchC-4.2.1/linear-algebra/blas/gemm/gemm.c,15,15
PolyBenchC-4.2.1/linear-algebra/blas/gemm/gemm.c,16,16
PolyBenchC-4.2.1/linear-algebra/blas/gemm/gemm.c,17,17
module_name,path_index,block_id
./PolyBenchC-4.2.1/utilities/polybench.c,0,0
./PolyBenchC-4.2.1/utilities/polybench.c,1,1
./PolyBenchC-4.2.1/utilities/polybench.c,2,2
./PolyBenchC-4.2.1/utilities/polybench.c,3,3
./PolyBenchC-4.2.1/utilities/polybench.c,4,4
./PolyBenchC-4.2.1/utilities/polybench.c,5,5
./PolyBenchC-4.2.1/utilities/polybench.c,6,6
./PolyBenchC-4.2.1/utilities/polybench.c,7,7
./PolyBenchC-4.2.1/utilities/polybench.c,8,8
./PolyBenchC-4.2.1/utilities/polybench.c,9,9
./PolyBenchC-4.2.1/utilities/polybench.c,10,10
./PolyBenchC-4.2.1/utilities/polybench.c,11,11
./PolyBenchC-4.2.1/utilities/polybench.c,12,12
./PolyBenchC-4.2.1/utilities/polybench.c,13,13
./PolyBenchC-4.2.1/utilities/polybench.c,14,14
./PolyBenchC-4.2.1/utilities/polybench.c,15,15
./PolyBenchC-4.2.1/utilities/polybench.c,16,16
./PolyBenchC-4.2.1/utilities/polybench.c,17,17
module_name,path_index,block_id
./objects//gemm.pgo.merged.ll,0,0
./objects//gemm.pgo.merged.ll,1,1
./objects//gemm.pgo.merged.ll,2,2
./objects//gemm.pgo.merged.ll,3,3
./objects//gemm.pgo.merged.ll,4,4
./objects//gemm.pgo.merged.ll,5,5
./objects//gemm.pgo.merged.ll,6,6
./objects//gemm.pgo.merged.ll,7,7
./objects//gemm.pgo.merged.ll,8,8
./objects//gemm.pgo.merged.ll,9,9
./objects//gemm.pgo.merged.ll,10,10
./objects//gemm.pgo.merged.ll,11,11
./objects//gemm.pgo.merged.ll,12,12
./objects//gemm.pgo.merged.ll,13,13
./objects//gemm.pgo.merged.ll,14,14
./objects//gemm.pgo.merged.ll,15,15
./objects//gemm.pgo.merged.ll,16,16
./objects//gemm.pgo.merged.ll,17,17
./objects//gemm.pgo.merged.ll,18,18
./objects//gemm.pgo.merged.ll,19,19
./objects//gemm.pgo.merged.ll,20,20
./objects//gemm.pgo.merged.ll,21,21
./objects//gemm.pgo.merged.ll,22,22
./objects//gemm.pgo.merged.ll,23,23
./objects//gemm.pgo.merged.ll,24,24
./objects//gemm.pgo.merged.ll,25,25
./objects//gemm.pgo.merged.ll,26,26
./objects//gemm.pgo.merged.ll,27,27
module_name,path_index,block_id
module_name,path_index,block_id
module_name,path_index,block_id
module_name,path_index,block_id
module_name,path_index,block_id
module_name,path_index,block_id
