module_name,comp_id,comp_priority
PolyBenchC-4.2.1/linear-algebra/solvers/ludcmp/ludcmp.c,25,0
PolyBenchC-4.2.1/linear-algebra/solvers/ludcmp/ludcmp.c,6,1
PolyBenchC-4.2.1/linear-algebra/solvers/ludcmp/ludcmp.c,17,2
PolyBenchC-4.2.1/linear-algebra/solvers/ludcmp/ludcmp.c,24,3
PolyBenchC-4.2.1/linear-algebra/solvers/ludcmp/ludcmp.c,5,4
PolyBenchC-4.2.1/linear-algebra/solvers/ludcmp/ludcmp.c,16,5
PolyBenchC-4.2.1/linear-algebra/solvers/ludcmp/ludcmp.c,23,6
PolyBenchC-4.2.1/linear-algebra/solvers/ludcmp/ludcmp.c,4,7
PolyBenchC-4.2.1/linear-algebra/solvers/ludcmp/ludcmp.c,15,8
PolyBenchC-4.2.1/linear-algebra/solvers/ludcmp/ludcmp.c,22,9
PolyBenchC-4.2.1/linear-algebra/solvers/ludcmp/ludcmp.c,0,10
PolyBenchC-4.2.1/linear-algebra/solvers/ludcmp/ludcmp.c,3,11
PolyBenchC-4.2.1/linear-algebra/solvers/ludcmp/ludcmp.c,14,12
PolyBenchC-4.2.1/linear-algebra/solvers/ludcmp/ludcmp.c,21,13
PolyBenchC-4.2.1/linear-algebra/solvers/ludcmp/ludcmp.c,2,14
PolyBenchC-4.2.1/linear-algebra/solvers/ludcmp/ludcmp.c,13,15
PolyBenchC-4.2.1/linear-algebra/solvers/ludcmp/ludcmp.c,20,16
PolyBenchC-4.2.1/linear-algebra/solvers/ludcmp/ludcmp.c,1,17
PolyBenchC-4.2.1/linear-algebra/solvers/ludcmp/ludcmp.c,12,18
PolyBenchC-4.2.1/linear-algebra/solvers/ludcmp/ludcmp.c,19,19
PolyBenchC-4.2.1/linear-algebra/solvers/ludcmp/ludcmp.c,11,20
PolyBenchC-4.2.1/linear-algebra/solvers/ludcmp/ludcmp.c,18,21
PolyBenchC-4.2.1/linear-algebra/solvers/ludcmp/ludcmp.c,10,22
PolyBenchC-4.2.1/linear-algebra/solvers/ludcmp/ludcmp.c,9,23
PolyBenchC-4.2.1/linear-algebra/solvers/ludcmp/ludcmp.c,8,24
PolyBenchC-4.2.1/linear-algebra/solvers/ludcmp/ludcmp.c,7,25
module_name,comp_id,comp_priority
./PolyBenchC-4.2.1/utilities/polybench.c,8,0
./PolyBenchC-4.2.1/utilities/polybench.c,9,1
./PolyBenchC-4.2.1/utilities/polybench.c,10,2
./PolyBenchC-4.2.1/utilities/polybench.c,11,3
./PolyBenchC-4.2.1/utilities/polybench.c,17,4
./PolyBenchC-4.2.1/utilities/polybench.c,6,5
./PolyBenchC-4.2.1/utilities/polybench.c,7,6
./PolyBenchC-4.2.1/utilities/polybench.c,16,7
./PolyBenchC-4.2.1/utilities/polybench.c,5,8
./PolyBenchC-4.2.1/utilities/polybench.c,15,9
./PolyBenchC-4.2.1/utilities/polybench.c,4,10
./PolyBenchC-4.2.1/utilities/polybench.c,12,11
./PolyBenchC-4.2.1/utilities/polybench.c,14,12
./PolyBenchC-4.2.1/utilities/polybench.c,3,13
./PolyBenchC-4.2.1/utilities/polybench.c,13,14
./PolyBenchC-4.2.1/utilities/polybench.c,0,15
./PolyBenchC-4.2.1/utilities/polybench.c,2,16
./PolyBenchC-4.2.1/utilities/polybench.c,1,17
module_name,comp_id,comp_priority
./objects//ludcmp.pgo.merged.ll,27,0
./objects//ludcmp.pgo.merged.ll,28,1
./objects//ludcmp.pgo.merged.ll,29,2
./objects//ludcmp.pgo.merged.ll,30,3
./objects//ludcmp.pgo.merged.ll,31,4
./objects//ludcmp.pgo.merged.ll,32,5
./objects//ludcmp.pgo.merged.ll,33,6
./objects//ludcmp.pgo.merged.ll,5,7
./objects//ludcmp.pgo.merged.ll,19,8
./objects//ludcmp.pgo.merged.ll,26,9
./objects//ludcmp.pgo.merged.ll,4,10
./objects//ludcmp.pgo.merged.ll,18,11
./objects//ludcmp.pgo.merged.ll,25,12
./objects//ludcmp.pgo.merged.ll,0,13
./objects//ludcmp.pgo.merged.ll,3,14
./objects//ludcmp.pgo.merged.ll,17,15
./objects//ludcmp.pgo.merged.ll,24,16
./objects//ludcmp.pgo.merged.ll,2,17
./objects//ludcmp.pgo.merged.ll,16,18
./objects//ludcmp.pgo.merged.ll,23,19
./objects//ludcmp.pgo.merged.ll,1,20
./objects//ludcmp.pgo.merged.ll,15,21
./objects//ludcmp.pgo.merged.ll,22,22
./objects//ludcmp.pgo.merged.ll,14,23
./objects//ludcmp.pgo.merged.ll,10,24
./objects//ludcmp.pgo.merged.ll,21,25
./objects//ludcmp.pgo.merged.ll,13,26
./objects//ludcmp.pgo.merged.ll,9,27
./objects//ludcmp.pgo.merged.ll,20,28
./objects//ludcmp.pgo.merged.ll,12,29
./objects//ludcmp.pgo.merged.ll,8,30
./objects//ludcmp.pgo.merged.ll,11,31
./objects//ludcmp.pgo.merged.ll,6,32
./objects//ludcmp.pgo.merged.ll,7,33
